tema,status,observacao,tese
5,OK,,"I - Ao editar a Lei 8.880/1994, a União legislou sobre o sistema monetário e exerceu a sua competência prevista no art. 22, VI, da Constituição de 1988. Assim, qualquer lei, seja ela estadual ou municipal, que discipline a conversão da moeda Cruzeiro Real em URV no que tange à remuneração de seus servidores de uma forma incompatível com a prevista na Lei nº 8.880/94 será inconstitucional, mormente quando acarretar redução de vencimentos; II - O término da incorporação, na remuneração do servidor, do percentual devido em razão da ilegalidade na conversão de Cruzeiros Reais em URV deve ocorrer no momento em que a carreira do servidor passa por uma restruturação remuneratória."
6,PULAR,Tese marcada como pendente/irrelevante/manual/aguardando julgamento.,[Tese Saúde. Importante. Consultar manualmente]
15,OK,,Não viola a Constituição o estabelecimento de remuneração inferior ao salário mínimo para as praças prestadoras de serviço militar inicial.
19,OK,,"O não encaminhamento de projeto de lei de revisão anual dos vencimentos dos servidores públicos, previsto no inciso X do art. 37 da CF/1988, não gera direito subjetivo a indenização. Deve o Poder Executivo, no entanto, se pronunciar, de forma fundamentada, acerca das razões pelas quais não propôs a revisão."
22,OK,,"Sem previsão constitucionalmente adequada e instituída por lei, não é legítima a cláusula de edital de concurso público que restrinja a participação de candidato pelo simples fato de responder a inquérito ou ação penal."
23,OK,,"A questão da possibilidade de equiparação dos proventos dos Procuradores de Autarquia e dos Procuradores de Estado para incidência do teto remuneratório da Emenda Constitucional n. 41/2003 não tem repercussão geral, pois ausente relevância econômica, política, social ou jurídica que transcenda ao interesse daspartes."
24,OK,,"I - O art. 37, XIV, da Constituição Federal, na redação dada pela Emenda Constitucional 19/98, é autoaplicável; II - Não há direito adquirido a regime jurídico, notadamente à forma de composição da remuneração de servidores públicos, observada a garantia da irredutibilidade de vencimentos."
25,OK,,"Salvo nos casos previstos na Constituição, o salário mínimo não pode ser usado como indexador de base de cálculo de vantagem de servidor público ou de empregado, nem ser substituído por decisão judicial."
26,OK,,O inciso I do artigo 1º da Lei complementar 51/1985 foi recepcionado pela Constituição Federal de 1988.
29,OK,,Leis que tratam dos casos de vedação a nepotismo não são de iniciativa exclusiva do Chefe do Poder Executivo.
30,OK,,"I - O direito individual às férias é adquirido após o período de doze meses trabalhados, sendo devido o pagamento do terço constitucional independente do exercício desse direito; II - A ausência de previsão legal não pode restringir o direito ao pagamento do terço constitucional aos servidores exonerados de cargos comissionados que não usufruíram férias."
41,OK,,"I - Não há direito adquirido a regime jurídico, desde que respeitado o princípio constitucional da irredutibilidade de vencimentos; II - A Lei complementar 203/2001, do Estado do Rio Grande do Norte, no ponto que alterou a forma de cálculo de gratificações e, consequentemente, a composição da remuneração de servidores públicos, não ofende a Constituição da República de 1988, por dar cumprimento ao princípio da irredutibilidade da remuneração."
47,OK,,"A competência técnica do Tribunal de Contas do Estado, ao negar registro de admissão de pessoal, não se subordina à revisão pelo Poder Legislativo respectivo."
54,OK,,"I - A Gratificação de Desempenho de Atividade de Ciência e Tecnologia – GDACT, instituída pela Medida Provisória 2.048/2000, apesar de originalmente concebida como gratificação pro labore faciendo, teve caráter geral e foi estendida aos inativos até a sua regulamentação pelo Decreto 3.762/2001, quando passou a constituir gratificação paga em razão do efetivo exercício de cargo; II - É constitucional o art. 60-A acrescentado pela Lei 10.769/2003 à MP 2.229- 43/2001, dado que não implicou redução indevida, visto que, após o Decreto 3.762/2001, deixou de existir o direito dos inativos à percepção da GDACT nas mesmas condições em que concedida aos servidores em atividade."
57,OK,,"É constitucional a previsão legal que assegure, na hipótese de transferência ex officio de servidor, a matrícula em instituição pública, se inexistir instituição congênere à de origem"
60,OK,,"É ilícita a prisão civil de depositário infiel, qualquer que seja a modalidade de depósito."
66,OK,,"A vedação ao nepotismo não exige a edição de lei formal para coibir a prática, dado que essa proibição decorre diretamente dos princípios contidos no art. 37, caput, da Constituição Federal."
67,OK,,"A Gratificação de Desempenho de Atividade de Seguridade Social e do Trabalho -GDASST deve ser estendida aos inativos nas mesmas condições em que concedida aos servidores em atividade, ou seja, no valor de 60 (sessenta) pontos, a partir do advento da Medida Provisória 198/2004, convertida na Lei 10.971/2004, que alterou a sua base de cálculo. Isso porque, embora de natureza pro labore faciendo, a falta de regulamentação das avaliações de desempenho transmudou a GDASST em uma gratificação de natureza genérica, extensível aos servidores inativos."
73,OK,,"A questão de o servidor público ter direito ao pagamento de diferenças pecuniárias em virtude de ter exercido trabalho em desvio de função não tem repercussão geral, pois ausente relevância econômica, política, social ou jurídicaque transcenda ao interesse daspartes."
119,OK,,"A questão da possibilidade de os militares acumularem dois cargos públicos na área de saúde, um de natureza militar e outro municipal, não tem repercussão geral, pois ausente relevância econômica, política, social ou jurídicaque transcenda ao interesse daspartes."
121,OK,,"Não foi recepcionada pela Constituição da República de 1988 a expressão “nos regulamentos da Marinha, do Exército e da Aeronáutica” do art. 10 da Lei 6.880/1980, dado que apenas lei pode definir os requisitos para ingresso nas Forças Armadas, notadamente o requisito de idade, nos termos do art. 142, § 3º, X, da Constituição de 1988. Descabe, portanto, a regulamentação por outra espécie normativa, ainda que por delegação lega"
122,OK,,"A questão de o servidor, cujo regime jurídico fora alterado de celetista para o estatutário, ter direito à contagem em dobro do período de licença especial não usufruída como tempo de serviço público não tem repercussão geral, pois ausente relevância econômica, política, social ou jurídica que transcenda ao interesse das partes."
138,OK,,"Ao Estado é facultada a revogação de atos que repute ilegalmente praticados; porém, se de tais atos já tiverem decorrido efeitos concretos, seu desfazimento deve ser precedido de regular processo administrativo."
139,OK,,"Os servidores que ingressaram no serviço público antes da EC 41/2003, mas que se aposentaram após a referida emenda, possuem direito à paridade remuneratória e à integralidade no cálculo de seus proventos, desde que observadas as regras de transição especificadas nos arts. 2º e 3º da EC 47/2005."
141,OK,,O cálculo de gratificações e outras vantagens do servidor público não incide sobre o abono utilizado para se atingir o salário mínimo.
142,OK,,"Os artigos 7º, IV, e 39, § 3º (redação da EC 19/1998), da Constituição referem-se ao total da remuneração percebida pelo servidor público."
145,OK,,"O município é competente para legislar sobre o meio ambiente com a União e o Estado, no limite do seu interesse local e desde que tal regramento seja harmônico com a disciplina estabelecida pelos demais entes federados (art. 24, VI, c/c 30, I e II, da Constituição Federal)."
153,OK,,A fixação da GDATA e da GDASST em relação aos servidores inativos deve obedecer aos critérios a que estão submetidos os servidores em atividade de acordo com a sucessão de leis de regência.
156,PULAR,Tese marcada como pendente/irrelevante/manual/aguardando julgamento.,[irrelevante]
160,OK,,"É constitucional a cobrança de contribuições sobre os proventos dos militares inativos, aqui compreendidos os Policiais Militares e o Corpo de Bombeiros dos Estados e do Distrito Federal e os integrantes das Forças Armadas, entre o período de vigência da Emenda Constitucional 20/98 e da Emenda Constitucional 41/03, por serem titulares de regimes jurídicos distintos dos servidores públicos civis e porque a eles não se estende a interpretação integrativa dos textos dos artigos 40, §§ 8º e 12, e artigo 195, II,da Constituição da República."
161,OK,,O candidato aprovado em concurso público dentro do número de vagas previsto no edital possui direito subjetivo à nomeação.
162,OK,,"É inconstitucional a percepção cumulativa de duas pensões estatutárias pela morte de servidor aposentado que reingressara no serviço público, por meio de concurso, antes da edição da EC 20/1998 e falecera após o seu advento."
191,OK,,"É constitucional o art. 19-A da Lei 8.036/1990, que dispõe ser devido o depósito do Fundo de Garantia do Tempo de Serviço - FGTS na conta de trabalhador cujo contrato com a Administração Pública seja declarado nulo por ausência de prévia aprovação em concurso público, desde que mantido o direito ao salário."
203,OK,,"É constitucional o uso de ações afirmativas, tal como a utilização do sistema de reserva de vagas (""cotas"") por critério étnico-racial, na seleção para ingresso no ensino superior público."
220,OK,,"É lícito ao Judiciário impor à Administração Pública obrigação de fazer, consistente na promoção de medidas ou na execução de obras emergenciais em estabelecimentos prisionais para dar efetividade ao postulado da dignidade da pessoa humana e assegurar aos detentos o respeito à sua integridade física e moral, nos termos do que preceitua o art. 5º, XLIX, da Constituição Federal, não sendo oponível à decisão o argumento da reserva do possível nem o princípio da separação dos poderes."
221,OK,,"No exercício da autonomia legislativa municipal, não pode o Município, ao disciplinar o regime jurídico de seus servidores, restringir o direito de férias a servidor em licença saúde de maneira a inviabilizar o gozo de férias anuais previsto no art. 7º, XVII da Constituição Federal de 1988."
223,OK,,"É inconstitucional, por afrontar a iniciativa privativa do Chefe do Poder Executivo, a normatização de direitos dos servidores públicos em lei orgânica do Município."
225,OK,,"I - O art. 6º da Lei Complementar 105/01 não ofende o direito ao sigilo bancário, pois realiza a igualdade em relação aos cidadãos, por meio do princípio da capacidade contributiva, bem como estabelece requisitos objetivos e o translado do dever de sigilo da esfera bancária para a fiscal; II - A Lei 10.174/01 não atrai a aplicação do princípio da irretroatividade das leis tributárias, tendo em vista o caráter instrumental da norma, nos termos do artigo 144, § 1º, do CTN."
253,OK,,"Sociedades de economia mista que desenvolvem atividade econômica em regime concorrencial não se beneficiam do regime de precatórios, previsto no art. 100 da Constituição da República."
256,OK,,"Afronta o art. 7º, inciso IV, da Constituição Federal a adoção do salário mínimo como base de cálculo para a fixação de piso salarial."
257,OK,,"Computam-se, para efeito de observância do teto remuneratório do art. 37, XI, da Constituição da República, também os valores percebidos anteriormente à vigência da Emenda Constitucional 41/2003 a título de vantagens pessoais pelo servidor público, dispensada a restituição dos valores recebidos em excesso e de boa-fé até o dia 18 de novembro de 2015."
258,OK,,"Compete à Justiça Federal processar e julgar ações em que a Ordem dos Advogados do Brasil, quer mediante o Conselho Federal, quer seccional, figure na relação processual."
261,OK,,"É inconstitucional a cobrança de taxa, espécie tributária, pelo uso de espaços públicos dos municípios por concessionárias prestadoras do serviço público de fornecimento de energia elétrica."
272,OK,,"Compete aos Municípios legislar sobre assuntos de interesse local, notadamente sobre a definição do tempo máximo de espera de clientes em filas de instituições bancárias."
282,OK,,"A eficácia do inciso XI do artigo 37 da Constituição Federal, decorrente da redação da Emenda Constitucional nº 19/1998, condiciona-se à fixação do subsídio, mediante lei de iniciativa conjunta do Presidente da República, do Presidente do Supremo, do Presidente da Câmara e do Presidente do Senado, persistindo a vigência do texto primitivo da Carta, no que definido o teto por Poder, consideradas as esferas federal e estadual."
289,PULAR,Tese marcada como pendente/irrelevante/manual/aguardando julgamento.,Aguardando julgamento de mérito
293,OK,,"O servidor possui direito adquirido à contagem especial do tempo de serviço prestado sob condições insalubres, referente ao período celetista anterior à instituição do Regime Jurídico Único**. Anotações NUGEP (STF)**: - Redação da tese elaborada conforme procedimento previsto no item 2 da Ata da 12ª Sessão Administrativa do STF, realizada em 09/12/2015 e registrada no SEI 002405/2024."
309,OK,,"a) O dolo é necessário para a configuração de qualquer ato de improbidade administrativa (art. 37, § 4º, da Constituição Federal), de modo que é inconstitucional a modalidade culposa de ato de improbidade administrativa prevista nos arts. 5º e 10 da Lei nº 8.429/92, em sua redação originária. b) São constitucionais os arts. 13, V, e 25, II, da Lei nº 8.666/1993, desde de que interpretados no sentido de que a contratação direta de serviços advocatícios pela Administração Pública, por inexigibilidade de licitação, além dos critérios já previstos expressamente (necessidade de procedimento administrativo formal; notória especialização profissional; natureza singular do serviço), deve observar: (i) inadequação da prestação do serviço pelos integrantes do Poder Público; e (ii) cobrança de preço compatível com a responsabilidade profissional exigida pelo caso, observado, também, o valor médio cobrado pelo escritório de advocacia contratado em situações similares anteriores."
315,OK,,"Não cabe, ao Poder Judiciário, que não tem a função legislativa, aumentar vencimentos de servidores públicos sob o fundamento de isonomia."
335,OK,,"Inexiste direito dos candidatos em concurso público à prova de segunda chamada nos teste de aptidão física, salvo contrária disposição editalícia, em razão de circunstâncias pessoais, ainda que de caráter fisiológico ou de força maior, mantida a validade das provas de segunda chamada realizadas até 15/5/2013,em nome da segurançajurídica."
338,OK,,"A exigência do exame psicotécnico em concurso depende de previsão em lei e no edital, e deve seguir critérios objetivos."
339,OK,,"O art. 93, IX, da Constituição Federal exige que o acórdão ou decisão sejam fundamentados, ainda que sucintamente, sem determinar, contudo, o exame pormenorizado de cada uma das alegações ou provas."
348,OK,,Os municípios com mais de vinte mil habitantes e o Distrito Federal podem legislar sobre programas e projetos específicos de ordenamento do espaço urbano por meio de leis que sejam compatíveis com as diretrizes fixadas no plano diretor.
349,OK,,É constitucional o § 1º do artigo 1.361 do Código Civil no que revela a possibilidade de ter-se como constituída a propriedade fiduciária de veículos com o registro do contrato na repartição competente para o licenciamento do bem.
350,PULAR,Tese marcada como pendente/irrelevante/manual/aguardando julgamento.,[Tese muito grande. Buscar manualmente]
351,OK,,"A Gratificação de Desempenho do Plano Geral de Cargos do Poder Executivo - GDPGPE, prevista na Lei nº 11.357/2006, estende-se aos inativos e pensionistas, no patamar de oitenta pontos, até o implemento da avaliação dos servidores em atividade."
359,OK,,"Ocorrida a morte do instituidor da pensão em momento posterior ao da Emenda Constitucional nº 19/1998, o teto constitucional previsto no inciso XI do artigo 37 da Constituição Federal incide sobre o somatório de remuneração ou provento e pensão percebida por servidor"
362,OK,,"Nos termos do artigo 37, § 6º, da Constituição Federal, não se caracteriza a responsabilidade civil objetiva do Estado por danos decorrentes de crime praticado por pessoa foragida do sistema prisional, quando não demonstrado o nexo causal direto entre o momento da fuga e a conduta praticada."
365,OK,,"Considerando que é dever do Estado, imposto pelo sistema normativo, manter em seus presídios os padrões mínimos de humanidade previstos no ordenamento jurídico, é de sua responsabilidade, nos termos do art. 37, § 6º, da Constituição, a obrigação de ressarcir os danos, inclusive morais, comprovadamente causados aos detentos em decorrência da falta ou insuficiência das condições legais de encarceramento."
366,OK,,Responsabilidade civil do Estado por danos decorrentes de omissão do dever de fiscalizar comércio de fogos de artifício em residência.
376,OK,,"É constitucional a regra inserida no edital de concurso público, denominada cláusula de barreira, com o intuito de selecionar apenas os candidatos mais bem classificados para prosseguir no certame."
377,OK,,"Nos casos autorizados constitucionalmente de acumulação de cargos, empregos e funções, a incidência do art. 37, inciso XI, da Constituição Federal pressupõe consideração de cada um dos vínculos formalizados, afastada a observância do teto remuneratório quanto ao somatório dos ganhos do agentepúblico."
380,OK,,O art. 17 do ADCT alcança as situações jurídicas cobertas pela coisa julgada.
384,OK,,"Nos casos autorizados constitucionalmente de acumulação de cargos, empregos e funções, a incidência do art. 37, inciso XI, da Constituição Federal pressupõe consideração de cada um dos vínculos formalizados, afastada a observância do teto remuneratório quanto ao somatório dos ganhos do agentepúblico."
386,OK,,"Nos termos do artigo 5º, VIII, da Constituição Federal é possível a realização de etapas de concurso público em datas e horários distintos dos previstos em edital, por candidato que invoca escusa de consciência por motivo de crença religiosa, desde que presentes a razoabilidade da alteração, a preservação da igualdade entre todos os candidatos e que não acarrete ônus desproporcional à Administração Pública, que deverá decidir de maneira fundamentada."
395,OK,,"Ofende o princípio da legalidade a decisão que concede a incorporação de quintos pelo exercício de função comissionada no período de 8/4/1998 até 4/9/2001, ante a carência de fundamento legal."
396,OK,,"Os pensionistas de servidor falecido posteriormente à EC 41/2003 têm direito à paridade com servidores em atividade (EC 41/2003, art. 7º), caso se enquadrem na regra de transição prevista no art. 3º da EC 47/2005. Não tem, contudo, direito à integralidade (CF, art. 40, § 7º, inciso I)."
409,OK,,"É compatível com a Constituição a extensão, aos servidores públicos inativos, dos critérios de cálculo da Gratificação de Desempenho da Carreira da Previdência, Saúde e Trabalho - GDPST estabelecidos para os servidores públicos em atividade."
430,OK,,"É incompatível com a Constituição lei municipal que impõe sanção mais gravosa que a prevista no Código de Trânsito Brasileiro, por extrapolar a competência legislativa do município."
439,OK,,"Desde que mantida a irredutibilidade, não tem o servidor inativo, embora aposentado na última classe da carreira anterior, o direito de perceber proventos correspondentes aos da última classe da nova carreira, reestruturada por lei superveniente."
440,OK,,"A redução da Gratificação Especial de Retorno à Atividade - GERA não implica violação ao princípio da irredutibilidade de vencimentos, se o ingresso ou o reingresso aos quadros do Corpo Voluntário de Militares Estaduais Inativos (CVMI) se deu após a edição da Lei Estadual 10.916/1997."
441,PULAR,Tese marcada como pendente/irrelevante/manual/aguardando julgamento.,Aguardando julgamento de mérito
445,OK,,"Em atenção aos princípios da segurança jurídica e da confiança legítima, os Tribunais de Contas estão sujeitos ao prazo de 5 (cinco) anos para o julgamento da legalidade do ato de concessão inicial de aposentadoria, reforma ou pensão, a contar da chegada do processo à respectiva Corte de Contas."
448,OK,,"É incompatível com a Constituição a extensão, aos policiais militares inativos e pensionistas, do adicional de insalubridade instituído pela Lei Complementar 432/1985 do Estado de São Paulo."
454,OK,,"A nomeação tardia de candidatos aprovados em concurso público, por meio de ato judicial, à qual atribuída eficácia retroativa, não gera direito às promoções ou progressões funcionais que alcançariam houvesse ocorrido, a tempo e modo, a nomeação."
456,OK,,"A antecipação, sem substituição tributária, do pagamento do ICMS para momento anterior à ocorrência do fato gerador necessita de lei em sentido estrito. A substituição tributária progressiva do ICMS reclama previsão em lei complementar federal."
469,OK,,"Nos limites da circunscrição do município e havendo pertinência com o exercício do mandato, garante-se a imunidade ao vereador."
472,OK,,"É constitucional a atribuição às guardas municipais do exercício de poder de polícia de trânsito, inclusive para imposição de sanções administrativas legalmente previstas."
473,OK,,"Não encontra amparo constitucional a pretensão de acumular, no cargo de magistrado ou em qualquer outro, a vantagem correspondente a “quintos”, a que o titular fazia jus quando no exercício de cargo diverso."
476,OK,,"Não é compatível com o regime constitucional de acesso aos cargos públicos a manutenção no cargo, sob fundamento de fato consumado, de candidato não aprovado que nele tomou posse em decorrência de execução provisória de medida liminar ou outro provimento judicial de natureza precária, supervenientemente revogado ou modificado."
480,OK,,"O teto de retribuição estabelecido pela Emenda Constitucional 41/03 possui eficácia imediata, submetendo às referências de valor máximo nele discriminadas todas as verbas de natureza remuneratória percebidas pelos servidores públicos da União, Estados, Distrito Federal e Municípios, ainda que adquiridas de acordo com regime legal anterior. Os valores que ultrapassam os limites estabelecidos para cada nível federativo na Constituição Federal constituem excesso cujo pagamento não pode ser reclamado com amparo nagarantia da irredutibilidade de vencimentos."
483,OK,,"É legítima a publicação, inclusive em sítio eletrônico mantido pela Administração Pública, dos nomes dos seus servidores e do valor dos correspondentes vencimentos e vantagens pecuniárias."
484,OK,,"1) Tribunais de Justiça podem exercer controle abstrato de constitucionalidade de leis municipais utilizando como parâmetro normas da Constituição Federal, desde que se trate de normas de reprodução obrigatória pelos Estados; e 2) O art. 39, § 4º, da Constituição Federal não é incompatível com o pagamento de terço de férias e décimo terceiro salário."
485,OK,,"Não compete ao Poder Judiciário substituir a banca examinadora para reexaminar o conteúdo das questões e os critérios de correção utilizados, salvo ocorrência de ilegalidade ou de inconstitucionalidade"
493,OK,,"Não possui repercussão geral a discussão acerca da constitucionalidade da progressão funcional prevista na Lei 6.110/94, do Estado do Maranhão, conforme o art. 323-B do Regimento Interno do Supremo Tribunal Federal, em redação conferida pela Emenda Regimental nº 54, de 1º de julho de 2020"
500,OK,,"1. O Estado não pode ser obrigado a fornecer medicamentos experimentais. 2. A ausência de registro na ANVISA impede, como regra geral, o fornecimento de medicamento por decisão judicial. 3. É possível, excepcionalmente, a concessão judicial de medicamento sem registro sanitário, em caso de mora irrazoável da ANVISA em apreciar o pedido (prazo superior ao previsto na Lei nº 13.411/2016), quando preenchidos três requisitos: (i) a existência de pedido de registro do medicamento no Brasil (salvo no caso de medicamentos órfãos para doenças raras e ultrarraras);(ii) a existência de registro do medicamento em renomadas agências de regulação no exterior; e (iii) a inexistência de substituto terapêutico com registro no Brasil. 4. As ações que demandem fornecimento de medicamentos sem registro na ANVISA deverão necessariamente ser propostas em face da União."
509,OK,,"A comprovação do triênio de atividade jurídica exigida para o ingresso no cargo de juiz substituto, nos termos do inciso I do art. 93 da Constituição Federal, deve ocorrer no momento da inscrição definitiva no concurso público."
510,OK,,"""A expressão ""Procuradores"", contida na parte final do inciso XI do art. 37 da Constituição da República, compreende os Procuradores Municipais, uma vez que estes se inserem nas funções essenciais à Justiça, estando, portanto, submetidos ao teto de noventa inteiros e vinte e cinco centésimos por cento do subsídio mensal, em espécie, dos Ministros do Supremo Tribunal Federal""."
512,OK,,"O Estado responde subsidiariamente por danos materiais causados a candidatos em concurso público organizado por pessoa jurídica de direito privado (art. 37, § 6º, da CRFB/88), quando os exames são cancelados por indícios de fraude."
514,OK,,"I - A ampliação de jornada de trabalho sem alteração da remuneração do servidor consiste em violação da regra constitucional da irredutibilidade de vencimentos; II - No caso concreto, o § 1º do art. 1º do Decreto estadual 4.345, de 14 de fevereiro de 2005, do Estado do Paraná não se aplica aos servidores elencados em seu caput que, antes de sua edição, estavam legitimamente submetidos a carga horária semanal inferior aquarenta horas."
522,OK,,"A imposição de restrições, por legislação local, à contagem recíproca do tempo de contribuição na administração pública e na atividade privada para fins de concessão de aposentadoria viola o art. 202, § 2º, da Constituição Federal, com redação anterior à EC 20/98."
524,OK,,A concessão de aposentadoria de servidor público por invalidez com proventos integrais exige que a doença incapacitante esteja prevista em rol taxativo da legislação de regência.
525,OK,,"São inconstitucionais as leis que obrigam os supermercados ou similares à prestação de serviços de acondicionamento ou embalagem das compras, por violação ao princípio da livre iniciativa (arts. 1º, IV, e 170 da Constituição)."
531,OK,,"A administração pública deve proceder ao desconto dos dias de paralisação decorrentes do exercício do direito de greve pelos servidores públicos, em virtude da suspensão do vínculo funcional que dela decorre, permitida a compensação em caso de acordo. O desconto será, contudo, incabível se ficar demonstrado que a greve foi provocada por conduta ilícita do Poder Público."
532,OK,,"É constitucional a delegação do poder de polícia, por meio de lei, a pessoas jurídicas de direito privado integrantes da Administração Pública indireta de capital social majoritariamente público que prestem exclusivamente serviço público de atuação própria do Estado e em regime não concorrencia"
535,OK,,A garantia constitucional da gratuidade de ensino não obsta a cobrança por universidades públicas de mensalidade em cursos de especialização.
541,OK,,Exercício do direito de greve por policiais civis.
542,OK,,"A trabalhadora gestante tem direito ao gozo de licença-maternidade e à estabilidade provisória, independentemente do regime jurídico aplicável, se contratual ou administrativo, ainda que ocupe cargo em comissão ou seja contratada por tempo determinado"
543,OK,,A alteração de regência constitucional do salário-família não repercute nas relações jurídicas existentes na data em que promulgada a Emenda Constitucional nº 20/1998.
548,OK,,"1. A educação básica em todas as suas fases - educação infantil, ensino fundamental e ensino médio - constitui direito fundamental de todas as crianças e jovens, assegurado por normas constitucionais de eficácia plena e aplicabilidade direta e imediata. 2. A educação infantil compreende creche (de zero a 3 anos) e a pré-escola (de 4 a 5 anos). Sua oferta pelo Poder Público pode ser exigida individualmente, como no caso examinado neste processo. 3. O Poder Público tem o dever jurídico de dar efetividade integral às normas constitucionais sobre acesso à educação básica."
551,OK,,"Servidores temporários não fazem jus a décimo terceiro salário e férias remuneradas acrescidas do terço constitucional, salvo (I) expressa previsão legal e/ou contratual em sentido contrário, ou (II) comprovado desvirtuamento da contratação temporária pela Administração Pública, em razão de sucessivas e reiteradas renovações e/ouprorrogações"
565,OK,,"É possível a exclusão, em processo administrativo, de policial militar que comete faltas disciplinares, independentemente do curso de ação penal instaurada em razão da mesma conduta."
571,OK,,"Não se aplica a aposentadoria compulsória prevista no artigo 40, parágrafo 1º, inciso II, da Constituição Federal aos titulares de serventias judiciais não estatizadas, desde que não sejam ocupantes de cargo público efetivo e não recebam remuneração proveniente dos cofres públicos."
576,OK,,"O processo e julgamento de prefeito municipal por crime de responsabilidade (Decreto-lei 201/67) não impede sua responsabilização por atos de improbidade administrativa previstos na Lei 8.429/1992, em virtude da autonomia das instâncias."
578,OK,,"(i) Ressalvado o direito de opção, a regra de transição do art. 8º, inciso II da Emenda Constitucional nº 20/98, somente se aplica aos servidores que, quando da sua publicação, ainda não reuniam os requisitos necessários para a aposentadoria; (ii) em se tratando de carreira pública escalonada em classes, a exigência instituída pelo art. 8º, inciso II da Emenda Constitucional n.º 20/98, de cinco anos de efetivo exercício no cargo no qual se dará a aposentadoria, deverá ser compreendida como cinco anos de efetivo exercício na carreira a que pertencente o servidor"
592,OK,,"Em caso de inobservância do seu dever específico de proteção previsto no art. 5º, inciso XLIX, da Constituição Federal, o Estado é responsável pela morte de detento."
595,OK,,"É constitucional a promulgação, pelo Chefe do Poder Executivo, de parte incontroversa de projeto da lei que não foi vetada, antes da manifestação do Poder Legislativo pela manutenção ou pela rejeição do veto, inexistindo vício de inconstitucionalidade dessa parte inicialmente publicada pela ausência de promulgação da derrubada dos vetos."
600,OK,,"Não cabe ao Poder Judiciário, que não tem função legislativa, aumentar qualquer verba de servidores públicos de carreiras distintas sob o fundamento de isonomia, tenham elas caráter remuneratório ou indenizatório."
612,OK,,"Nos termos do art. 37, IX, da Constituição Federal, para que se considere válida a contratação temporária de servidores públicos, é preciso que: a) os casos excepcionais estejam previstos em lei; b) o prazo de contratação seja predeterminado; c) a necessidade seja temporária; d) o interesse público seja excepcional; e) a contratação seja indispensável, sendo vedada para os serviços ordinários permanentes do Estado que estejam sob o espectro das contingências normais da Administração."
624,OK,,"O Poder Judiciário não possui competência para determinar ao Poder Executivo a apresentação de projeto de lei que vise a promover a revisão geral anual da remuneração dos servidores públicos, nem tampouco para fixar o respectivo índice de correção."
627,OK,,"Em se tratando de cargos constitucionalmente acumuláveis, descabe aplicar a vedação de acumulação de aposentadorias e pensões contida na parte final do artigo 11 da Emenda Constitucional 20/98, porquanto destinada apenas aos casos de que trata, ou seja, aos reingressos no serviço público por meio de concurso público antes da publicação da referida emenda e que envolvam cargos inacumuláveis."
635,OK,,"É assegurada ao servidor público inativo a conversão de férias não gozadas, ou de outros direitos de natureza remuneratória, em indenização pecuniária, dada a responsabilidade objetiva da Administração Pública em virtude da vedação ao enriquecimento sem causa.**Observação**: após a oposição de embargos de declaração o STF decidiu permitir o processamento do recurso extraordinário para julgar a questão em relação aos servidores públicos**em atividade**."
639,OK,,"Subtraído o montante que exceder o teto e o subteto previsto no art. 37, inciso XI, da Constituição, tem-se o valor para base de cálculo para a incidência do imposto de renda e da contribuição previdenciária."
642,OK,,"1. O Município prejudicado é o legitimado para a execução de crédito decorrente de multa aplicada por Tribunal de Contas estadual a agente público municipal, em razão de danos causados ao erário municipal. 2. Compete ao Estado-membro a execução de crédito decorrente de multas simples, aplicadas por Tribunais de Contas estaduais a agentes públicos municipais, em razão da inobservância das normas de Direito Financeiro ou, ainda, do descumprimento dos deveres de colaboração impostos, pela legislação, aos agentes públicos fiscalizados. (**Observação**: redação dada pela ADPF n. 1011/DF, com publicação do acórdão em 05/07/2024. A decisão não afeta automaticamente a coisa julgada formada antes da publicação da ata de julgamento, ocorrida em 4 de julho de 2024)."
646,OK,,O estabelecimento de limite de idade para inscrição em concurso público apenas é legítimo quando justificado pela natureza das atribuições do cargo a ser preenchido.
652,OK,,"É inconstitucional a nomeação, pelo Chefe do Executivo, de membro do Ministério Público especial para preenchimento de cargo vago de Conselheiro de Tribunal de Contas local quando se tratar de vaga reservada à escolha da Assembleia Legislativa, devendo-se observar a regra constitucional de divisão proporcional das indicações entre os Poderes Legislativo e Executivo."
656,OK,,"É constitucional, no âmbito dos municípios, o exercício de ações de segurança urbana pelas Guardas Municipais, inclusive policiamento ostensivo e comunitário, respeitadas as atribuições dos demais órgãos de segurança pública previstos no art. 144 da Constituição Federal e excluída qualquer atividade de polícia judiciária, sendo submetidas ao controle externo da atividade policial pelo Ministério Público, nos termos do artigo 129, inciso VII, da CF. Conforme o art. 144, § 8º, da Constituição Federal, as leis municipais devem observar as normas gerais fixadas pelo Congresso Nacional."
664,OK,,"O termo inicial do pagamento diferenciado das gratificações de desempenho entre servidores ativos e inativos é o da data da homologação do resultado das avaliações, após a conclusão do primeiro ciclo de avaliações, não podendo a Administração retroagir os efeitos financeiros a data anterior."
670,OK,,"I - No julgamento de Ação Direta de Inconstitucionalidade proposta para questionar a validade de leis que criam cargos em comissão, ao fundamento de que não se destinam a funções de direção, chefia e assessoramento, o Tribunal deve analisar as atribuições previstas para os cargos; II - Na fundamentação do julgamento, o Tribunal não está obrigado se pronunciar sobre a constitucionalidade de cada cargo criado, individualmente"
671,OK,,"Na hipótese de posse em cargo público determinada por decisão judicial, o servidor não faz jus a indenização, sob fundamento de que deveria ter sido investido em momento anterior, salvo situação de arbitrariedade flagrante."
672,OK,,"Lei municipal a versar a percepção, mensal e vitalícia, de 'subsídio' por ex- vereador e a consequente pensão em caso de morte não é harmônica com a Constituição Federal de 1988."
683,OK,,A ação judicial visando ao reconhecimento do direito à nomeação de candidato aprovado fora das vagas previstas no edital (cadastro de reserva) deve ter por causa de pedir preterição ocorrida na vigência do certame
686,OK,,"I - Há reserva de iniciativa do Chefe do Poder Executivo para edição de normas que alterem o padrão remuneratório dos servidores públicos (art. 61, § 1º, II, a, da CF); II - São formalmente inconstitucionais emendas parlamentares que impliquem aumento de despesa em projeto de lei de iniciativa reservada do Chefe do Poder Executivo (art. 63, I, da CF)."
697,OK,,"É inconstitucional o aproveitamento de servidor, aprovado em concurso público a exigir formação de nível médio, em cargo que pressuponha escolaridade superior."
698,OK,,"1. A intervenção do Poder Judiciário em políticas públicas voltadas à realização de direitos fundamentais, em caso de ausência ou deficiência grave do serviço, não viola o princípio da separação dos poderes. 2. A decisão judicial, como regra, em lugar de determinar medidas pontuais, deve apontar as finalidades a serem alcançadas e determinar à Administração Pública que apresente um plano e/ou os meios adequados para alcançar o resultado. 3. No caso de serviços de saúde, o déficit de profissionais pode ser suprido por concurso público ou, por exemplo, pelo remanejamento de recursos humanos e pela contratação de organizações sociais (OS) e organizações da sociedade civil de interesse público (OSCIP)"
724,OK,,As promoções dos anistiados se restringem ao quadro a que pertencia o militar na ativa.
737,OK,,É inconstitucional norma que vincula pensões e proventos de aposentadoria de servidores públicos efetivos a subsídios de agentes políticos.
754,OK,,"Os efeitos financeiros das revisões de aposentadoria concedidas com base no art. 6º-A da Emenda Constitucional nº 41/2003, introduzido pela Emenda Constitucional nº 70/2012, somente se produzirão a partir da data de sua promulgação (30.3.2012)."
763,OK,,"1. Os servidores ocupantes de cargo exclusivamente em comissão não se submetem à regra da aposentadoria compulsória prevista no art. 40, § 1º, II, da Constituição Federal, a qual atinge apenas os ocupantes de cargo de provimento efetivo, inexistindo, também, qualquer idade limite para fins de nomeação a cargo em comissão; 2. Ressalvados impedimentos de ordem infraconstitucional, não há óbice constitucional a que o servidor efetivo aposentado compulsoriamente permaneça no cargo comissionado que já desempenhava ou a que seja nomeado para cargo de livre nomeação e exoneração, uma vez que não se trata de continuidade ou criação de vínculo efetivo com a Administração."
764,OK,,Não tem repercussão geral a controvérsia sobre o direito de servidores públicos do extinto Departamento de Pesquisa e de Pesca do Rio Grande do Sul ao reajuste concedido pela Lei nº 13.444/2010.
767,OK,,Não tem repercussão geral a controvérsia sobre a aplicação de Estatuto dos Servidores Públicos Civis do Estado para o pagamento de vantagem pecuniária denominada “Adicional Noturno” ao magistério público estadual.
768,OK,,"Somente o ente público beneficiário possui legitimidade ativa para a propositura de ação executiva decorrente de condenação patrimonial imposta por Tribunais de Contas (CF, art. 71, § 3º)."
771,OK,,"São constitucionais as alterações procedidas pelo art. 8º da Lei 11.482/2007 no art. 3º da Lei 6.194/1974, que ensejaram a redução dos valores das indenizações pagas a título de seguro obrigatório por danos pessoais causados por veículos automotores de via terrestre (DPVAT)."
774,OK,,"A norma estadual que impõe à concessionária de geração de energia elétrica a promoção de investimentos, com recursos identificados como parcela da receita que aufere, voltados à proteção e à preservação de mananciais hídricos é inconstitucional por configurar intervenção indevida do Estado no contrato de concessão da exploração do aproveitamento energético dos cursos de água, atividade de competência da União, conforme art. 21, XII, 'b', da Constituição Federal."
777,OK,,"O Estado responde, objetivamente, pelos atos dos tabeliães e registradores oficiais que, no exercício de suas funções, causem dano a terceiros, assentado o dever de regresso contra o responsável, nos casos de dolo ou culpa,sobpena de improbidade administrativa"
779,OK,,"Os substitutos ou interinos designados para o exercício de função delegada não se equiparam aos titulares de serventias extrajudiciais, visto não atenderem aos requisitos estabelecidos nos arts. 37, inciso II, e 236, § 3º, da Constituição Federal para o provimento originário da função, inserindo-se na categoria dos agentes estatais, razão pela qual se aplica a eles o teto remuneratório do art. 37,inciso XI,da Carta da República"
782,OK,,"Os prazos da licença adotante não podem ser inferiores aos prazos da licença gestante, o mesmo valendo para as respectivas prorrogações. Em relação à licença adotante, não é possível fixar prazos diversos em função da idade da criança adotada."
784,OK,,"O surgimento de novas vagas ou a abertura de novo concurso para o mesmo cargo, durante o prazo de validade do certame anterior, não gera automaticamente o direito à nomeação dos candidatos aprovados fora das vagas previstas no edital, ressalvadas as hipóteses de preterição arbitrária e imotivada por parte da administração, caracterizada por comportamento tácito ou expresso do Poder Público capaz de revelar a inequívoca necessidade de nomeação do aprovado durante o período de validade do certame, a ser demonstrada de forma cabal pelo candidato. Assim, o direito subjetivo à nomeação do candidato aprovado em concurso público exsurge nas seguintes hipóteses: I – Quando a aprovação ocorrer dentro do número de vagas dentro do edital; II – Quando houver preterição na nomeação por não observância da ordem de classificação; III – Quando surgirem novas vagas, ou for aberto novo concurso durante a validade do certame anterior, e ocorrer a preterição de candidatos de forma arbitrária e imotivada por parte da administração nos termos acima."
793,OK,,"O tratamento médico adequado aos necessitados se insere no rol dos deveres do Estado, sendo responsabilidade solidária dos entes federados, podendo figurar no polo passivo qualquer um deles em conjunto ou isoladamente."
822,OK,,"Não existe direito público subjetivo do aluno ou de sua família ao ensino domiciliar, inexistente na legislação brasileira."
832,OK,,"""O parlamentar, na condição de cidadão, pode exercer plenamente seu direito fundamental de acesso a informações de interesse pessoal ou coletivo, nos termos do art. 5º, inciso XXXIII, da CF e das normas de regência desse direito""."
837,OK,,"1. Campanhas de mobilização social promovidas por entidades da sociedade civil com base em pautas de direitos fundamentais, voltadas a desestimular o financiamento ou apoio institucional a eventos ou organizações, estão protegidas pela liberdade de expressão. 2. A responsabilidade civil, inclusive com a determinação de cessação da campanha e retirada de conteúdo das redes sociais, quando a imputação permanecer disponível em plataformas digitais ou em ambiente público, somente será possível quando comprovada má-fé caracterizada: (i) pelo dolo demonstrado em razão do conhecimento prévio da falsidade da declaração; ou (ii) pela culpa grave decorrente da evidente negligência na apuração da veracidade do fato."
838,OK,,"Editais de concurso público não podem estabelecer restrição a pessoas com tatuagem, salvo situações excepcionais em razão de conteúdo que viole valores constitucionais."
839,OK,,"No exercício do seu poder de autotutela, poderá a Administração Pública rever os atos de concessão de anistia a cabos da Aeronáutica com fundamento na Portaria nº 1.104/1964, quando se comprovar a ausência de ato com motivação exclusivamente política, assegurando-se ao anistiado, em procedimento administrativo, o devido processo legal e a não devolução das verbas já recebidas."
847,OK,,"Ofende a autonomia administrativa das Defensorias Públicas decisão judicial que determine a lotação de defensor público em localidade desamparada, em desacordo com os critérios previamente definidos pela própria instituição, desde que observados os critérios do art. 98, caput e § 2º, do Ato das Disposições Constitucionais Transitórias - ADCT."
854,OK,,"Salvo em situações excepcionais devidamente comprovadas, serviço público de transporte coletivo pressupõe prévia licitação."
855,OK,,A exigência constitucional de aviso prévio relativamente ao direito de reunião é satisfeita com a veiculação de informação que permita ao poder público zelar para que seu exercício se dê de forma pacífica ou para que não frustre outra reunião no mesmo local.
858,OK,,"I - O trânsito em julgado de sentença condenatória proferida em sede de ação desapropriatória não obsta a propositura de Ação Civil Pública em defesa do patrimônio público, para discutir a dominialidade do bem expropriado, ainda que já se tenha expirado o prazo para a Ação Rescisória; II - Em sede de Ação de Desapropriação, os honorários sucumbenciais só serão devidos caso haja devido pagamento da indenização aos expropriados."
863,OK,,"Até que seja editada lei complementar federal sobre a matéria, a multa tributária qualificada em razão de sonegação, fraude ou conluio limita-se a 100% (cem por cento) do débito tributário, podendo ser de até 150% (cento e cinquenta por cento) do débito tributário caso se verifique a reincidência definida no art. 44, § 1º-A, da Lei nº 9.430/96, incluído pela Lei nº 14.689/23, observando-se, ainda, o disposto no § 1º-C do citado artigo"".**MODULAÇÃO**: houve modulação dos efeitos da decisão para estabelecer que ela passe a produzir efeitos a partir da edição da Lei nº 14.689/23, mantidos os patamares atualmente fixados pelos entes da federação até os limites da tese, ficando ressalvados desses efeitos (i) as ações judiciais e os processos administrativos pendentes de conclusão até a referida data; e (ii) os fatos geradores ocorridos até a referida data em relação aos quais não tenha havido o pagamento de multa abrangida pelo presente tema de repercussão geral."
864,OK,,"A revisão geral anual da remuneração dos servidores públicos depende, cumulativamente, de dotação na Lei Orçamentária Anual e de previsão na Lei de Diretrizes Orçamentárias"
865,OK,,"**Tese**: No caso de necessidade de complementação da indenização, ao final do processo expropriatório, deverá o pagamento ser feito mediante depósito judicial direto se o Poder Público não estiver em dia com os precatórios.**Modulação**: Houve modulação dos efeitos para “limitar a eficácia temporal da decisão, para que as teses nela estabelecidas sejam aplicadas somente às desapropriações propostas a partir da publicação da ata da sessão deste julgamento, ressalvadas as ações judiciais em curso em que se discuta expressamente a constitucionalidade do pagamento da complementação da indenização por meio de precatório judicial”.**Embargos** **de declaração**foram providos, em parte, “com efeitos infringentes, para: (i) esclarecer que caberá ao ente público devedor comprovar, no prazo para apresentar impugnação ao cumprimento de sentença, a situação de adimplência com o pagamento dos precatórios na data do trânsito em julgado da decisão de mérito da ação de desapropriação; (...)”"
881,OK,,"1. As decisões do STF em controle incidental de constitucionalidade, anteriores à instituição do regime de repercussão geral, não impactam automaticamente a coisa julgada que se tenha formado, mesmo nas relações jurídicas tributárias de trato sucessivo. 2. Já as decisões proferidas em ação direta ou em sede de repercussão geral interrompem automaticamente os efeitos temporais das decisões transitadas em julgado nas referidas relações, respeitadas a irretroatividade, a anterioridade anual e a noventena ou a anterioridade nonagesimal, conforme a natureza do tributo.**MODULAÇÃO DOS EFEITOS EM E. D**.: Os embargos de declaração foram parcialmente providos “para afastar exclusivamente as multas tributárias de qualquer natureza impostas aos contribuintes que tiveram decisão favorável transitada em julgado em ações judiciais propostas para questionar a exigibilidade da CSLL e cujo fato gerador tenha ocorrido até a data da publicação da ata do julgamento de mérito (13.02.2023), ficando preservada a incidência dos juros de mora e da correção monetária e vedada a repetição dos valores já recolhidos referentes a multas de qualquer natureza”."
888,OK,,"É legítimo o pagamento do abono de permanência previsto no art. 40, § 19, da Constituição Federal ao servidor público que opte por permanecer em atividade após o preenchimento dos requisitos para a concessão da aposentadoria voluntária especial (art. 40, § 4º, da Carta Magna)."
897,OK,,São imprescritíveis as ações de ressarcimento ao erário fundadas na prática de ato doloso tipificado na Lei de Improbidade Administrativa.
899,OK,,É prescritível a pretensão de ressarcimento ao erário fundada em decisão de Tribunal de Contas
900,OK,,"É defeso o pagamento de remuneração em valor inferior ao salário mínimo ao servidor público, ainda que labore em jornada reduzida de trabalho."
915,OK,,"Não é devida aos servidores do Poder Judiciário do Estado do Rio de Janeiro a extensão do reajuste concedido pela Lei nº 1.206/1987, dispensando-se a devolução das verbas eventualmente recebidas até 01º.09.2016 (data da conclusão deste julgamento)."
916,OK,,"A contratação por tempo determinado para atendimento de necessidade temporária de excepcional interesse público realizada em desconformidade com os preceitos do art. 37, IX, da Constituição Federal não gera quaisquer efeitos jurídicos válidos em relação aos servidores contratados, com exceção do direito à percepção dos salários referentes ao período trabalhado e, nos termos do art. 19-A da Lei 8.036/1990, ao levantamento dos depósitos efetuados no Fundo de Garantia do Tempo de Serviço - FGTS."
917,OK,,"Não usurpa competência privativa do Chefe do Poder Executivo lei que, embora crie despesa para a Administração, não trata da sua estrutura ou da atribuição de seus órgãos nem do regime jurídico de servidores públicos (art. 61, § 1º, II,""a"", ""c"" e ""e"", da Constituição Federal)."
921,OK,,"É vedada a cumulação tríplice de vencimentos e/ou proventos, ainda que a investidura nos cargos públicos tenha ocorrido anteriormente à EC 20/1998."
933,OK,,"1. A ausência de estudo atuarial específico e prévio à edição de lei que aumente a contribuição previdenciária dos servidores públicos não implica vício de inconstitucionalidade, mas mera irregularidade que pode ser sanada pela demonstração do déficit financeiro ou atuarial que justificava a medida. 2. A majoração da alíquota da contribuição previdenciária do servidor público para 13,25% não afronta os princípios da razoabilidade e da vedação ao confisco."
934,PULAR,Tese marcada como pendente/irrelevante/manual/aguardando julgamento.,Aguardando julgamento de mérito
940,OK,,"A teor do disposto no art. 37, § 6º, da Constituição Federal, a ação por danos causados por agente público deve ser ajuizada contra o Estado ou a pessoa jurídica de direito privado prestadora de serviço público, sendo parte ilegítima para a ação o autor do ato, assegurado o direito de regresso contra o responsável nos casos de dolo ou culpa."
942,OK,,"Até a edição da Emenda Constitucional nº 103/2019, o direito à conversão, em tempo comum, do prestado sob condições especiais que prejudiquem a saúde ou a integridade física de servidor público decorre da previsão de adoção de requisitos e critérios diferenciados para a jubilação daquele enquadrado na hipótese prevista no então vigente inciso III do § 4º do art. 40 da Constituição da República, devendo ser aplicadas as normas do regime geral de previdência social relativas à aposentadoria especial contidas na Lei 8.213/1991 para viabilizar sua concretização enquanto não sobrevier lei complementar disciplinadora da matéria. Após a vigência da EC n.º 103/2019, o direito à conversão em tempo comum, do prestado sob condições especiais pelos servidores obedecerá à legislação complementar dos entes federados, nos termos da competência conferida pelo art. 40, § 4º-C, da Constituição da República""."
950,OK,,"1. A imunidade material parlamentar (art. 53, caput, c/c art. 27, § 1º, e art. 29, VIII, CF/1988) configura excludente da responsabilidade civil objetiva do Estado (art. 37, § 6º, CF/1988), afastando qualquer pretensão indenizatória em face do ente público por opiniões, palavras e votos cobertos por essa garantia. 2. Nas hipóteses em que a conduta do parlamentar extrapolar os limites da imunidade material, eventual responsabilização recairá de forma pessoal, direta e exclusiva sobre o próprio parlamentar, sob o regime de responsabilidade civil subjetiva."
951,OK,,"Servidores que tiveram relação jurídica regida pela Consolidação das Leis do Trabalho, modificada considerado o Regime Jurídico Único, têm direito à diferença remuneratória decorrente do plano de cargos e salários - PCCS"
952,OK,,"1. Testemunhas de Jeová, quando maiores e capazes, têm o direito de recusar procedimento médico que envolva transfusão de sangue, com base na autonomia individual e na liberdade religiosa. 2. Como consequência, em respeito ao direito à vida e à saúde, fazem jus aos procedimentos alternativos disponíveis no Sistema Único de Saúde – SUS, podendo, se necessário,recorrer a tratamento fora de seu domicílio."
958,OK,,É constitucional a norma geral federal que reserva fração mínima de um terço da carga horária dos professores da educação básica para dedicação às atividades extraclasse.
965,OK,,"Para a concessão da aposentadoria especial de que trata o art. 40, § 5º, da Constituição, conta-se o tempo de efetivo exercício, pelo professor, da docência e das atividades de direção de unidade escolar e de coordenação e assessoramento pedagógico, desde que em estabelecimentos de educação infantil ou de ensino fundamental e médio."
966,PULAR,Tese marcada como pendente/irrelevante/manual/aguardando julgamento.,Aguardando julgamento de mérito
967,OK,,"""1. A proibição ou restrição da atividade de transporte privado individual por motorista cadastrado em aplicativo é inconstitucional, por violação aos princípios da livre iniciativa e da livre concorrência; e 2. No exercício de sua competência para regulamentação e fiscalização do transporte privado individual de passageiros, os Municípios e o Distrito Federal não podem contrariar os parâmetros fixados pelo legislador federal (CF/1988, art. 22, XI)."""
968,OK,,"1. É constitucional a previsão, em lei federal, de medidas sancionatórias ao ente federativo que descumprir os critérios e exigências aplicáveis aos regimes próprios de previdência social. 2. Admite-se o controle judicial das exigências feitas pela União no exercício da fiscalização desses regimes. Nesse caso, o ente fiscalizado deverá demonstrar, de forma técnica: (i) a inexistência do déficit atuarial apontado; ou, (ii) caso reconheça o desequilíbrio, a impertinência das medidas impostas pela União e a existência de plano alternativo capaz de assegurar, de maneira equivalente, a sustentabilidade do regime."
970,OK,,É constitucional - formal e materialmente - lei municipal que obriga à substituição de sacos e sacolas plásticos por sacos e sacolas biodegradáveis.
973,OK,,"É constitucional a remarcação do teste de aptidão física de candidata que esteja grávida à época de sua realização, independentemente da previsão expressa em edital do concurso público."
975,OK,,"O art. 43, caput e § 1º, da Lei Complementar estadual 1.059/2008, de São Paulo, é formal e materialmente constitucional. A natureza indenizatória da conversão de licença-prêmio em pecúnia é válida somente no que se refere ao valor total da indenização. O teto remuneratório constitucional incide na base de cálculo utilizada para computação do valor a ser pago a título de indenização de licença-prêmio não gozada, equivalente à remuneração a que o servidor faz jus no momento de sua aposentadoria."
976,PULAR,Tese marcada como pendente/irrelevante/manual/aguardando julgamento.,Aguardando julgamento de mérito
984,OK,,"O Supremo Tribunal Federal veda o aumento de vencimentos pelo Poder Judiciário com base no princípio da isonomia, na equiparação salarial ou a pretexto da revisão geral anual, não sendo devida, portanto, a extensão do maior reajuste concedido pela Lei estadual nº 7.622/2000 aos soldos de toda a categoria dos policiais militares do Estado da Bahia, dispensada a devolução de valores eventualmente recebidos de boa-fé até a data de conclusão do presente julgamento no Plenário Virtual desta Corte."
1000,PULAR,Tese marcada como pendente/irrelevante/manual/aguardando julgamento.,Aguardando julgamento de mérito
1001,OK,,"É constitucional o ato normativo municipal, editado no exercício de competência legislativa suplementar, que proíba a participação em licitação ou a contratação: (a) de agentes eletivos; (b) de ocupantes de cargo em comissão ou função de confiança; (c) de cônjuge, companheiro ou parente em linha reta, colateral ou por afinidade, até o terceiro grau, inclusive, de qualquer destes; e (d) dos demais servidores públicos municipais."
1002,OK,,"1. É devido o pagamento de honorários sucumbenciais à Defensoria Pública, quando representa parte vencedora em demanda ajuizada contra qualquer ente público, inclusive aquele que integra; 2. O valor recebido a título de honorários sucumbenciais deve ser destinado, exclusivamente, ao aparelhamento das Defensorias Públicas, vedado o seu rateio entre os membros da instituição.**MODULAÇÃO**: Os embargos de declaração interpostos pelo Colégio Nacional de Procuradores Gerais dos Estados e do Distrito Federal (CONPEG) e pela União, foram parcialmente acolhidos “(...) para modular os efeitos da decisão, a fim de explicitar que a tese de julgamento firmada não deve atingir decisões já transitadas em julgados ou processos em trâmite nos quais a questão relacionada aos honorários advocatícios sucumbenciais esteja preclusa. Tudo nos termos do voto do Relator.”"
1008,OK,,"Não tem repercussão geral a controvérsia relativa à incorporação do adicional de interiorização devido pela prestação de serviço público por policial militar no interior do Estado, por ser indispensável o exame de normas estaduais que regem a respectivaparcela remuneratória."
1009,OK,,"No caso de declaração de nulidade de exame psicotécnico previsto em lei e em edital, é indispensável a realização de nova avaliação, com critérios objetivos, para prosseguimento no certame."
1010,OK,,"a) A criação de cargos em comissão somente se justifica para o exercício de funções de direção, chefia e assessoramento, não se prestando ao desempenho de atividades burocráticas, técnicas ou operacionais; b) tal criação deve pressupor a necessária relação de confiança entre a autoridade nomeante e o servidor nomeado; c) o número de cargos comissionados criados deve guardar proporcionalidade com a necessidade que eles visam suprir e com o número de servidores ocupantes de cargos efetivos no ente federativo que os criar; e d) as atribuições dos cargos em comissão devem estar descritas, de forma clara e objetiva, na própria lei que os instituir"
1015,OK,,"É inconstitucional a vedação à posse em cargo público de candidato (a) aprovado(a) que, embora tenha sido acometido(a) por doença grave, não apresenta sintoma incapacitante nem possui restrição relevante que impeça o exercício da função pretendida (CF, arts. 1º, III, 3º, IV, 5º, caput, 37, caput, I e II)."
1019,OK,,"O servidor público policial civil que preencheu os requisitos para a aposentadoria especial voluntária prevista na LC nº 51/85 tem direito ao cálculo de seus proventos com base na regra da integralidade e, quando também previsto em lei complementar, na regra da paridade, independentemente do cumprimento das regras de transição especificadas nos arts. 2º e 3º da EC 47/05, por enquadrar-se na exceção prevista no art. 40, § 4º, inciso II, da Constituição Federal, na redação anterior à EC 103/19, atinente ao exercício de atividade de risco."
1021,OK,,"Nos termos do artigo 5º, VIII, da Constituição Federal é possível à Administração Pública, inclusive durante o estágio probatório, estabelecer critérios alternativos para o regular exercício dos deveres funcionais inerentes aos cargos públicos, em face de servidores que invocam escusa de consciência por motivos de crença religiosa, desde que presentes a razoabilidade da alteração, não se caracterize o desvirtuamento do exercício de suas funções e não acarrete ônus desproporcional à Administração Pública, que deverá decidir de maneira fundamentada."
1022,OK,,"As empresas públicas e as sociedades de economia mista, sejam elas prestadoras de serviço público ou exploradoras de atividade econômica, ainda que em regime concorrencial, têm o dever jurídico de motivar, em ato formal, a demissão de seus empregados concursados, não se exigindo processo administrativo. Tal motivação deve consistir em fundamento razoável, não se exigindo, porém, que se enquadre nas hipóteses de justa causa da legislação trabalhista."
1031,OK,,[Tese demarcação das terras indígenas. Grande. Buscar manualmente]
1033,OK,,"O ressarcimento de serviços de saúde prestados por unidade privada em favor de paciente do Sistema Único de Saúde, em cumprimento de ordem judicial, deve utilizar como critério o mesmo que é adotado para o ressarcimento do Sistema Único de Saúde por serviços prestados a beneficiários de planos de saúde."
1036,OK,,"São constitucionais as leis dos Estados, Distrito Federal e Municípios que, no procedimento licitatório, antecipam a fase da apresentação das propostas à da habilitação dos licitantes, em razão da competência dos demais entes federativos de legislar sobre procedimento administrativo."
1038,OK,,"I - A Constituição Federal não prevê adicional noturno aos Militares Estaduais ou Distritais. II - Mandado de Injunção será cabível para que se apliquem, aos militares estaduais, as normas que regulamentam o adicional noturno dos servidores públicos civis, desde que o direito a tal parcela remuneratória esteja expressamente previsto na Constituição Estadual ou na Lei Orgânica do Distrito Federal"
1040,OK,,"Surge constitucional lei de iniciativa parlamentar a criar conselho de representantes da sociedade civil, integrante da estrutura do Poder Legislativo, com atribuição de acompanhar ações do Executivo"
1043,PULAR,Tese marcada como pendente/irrelevante/manual/aguardando julgamento.,"É constitucional a utilização da colaboração premiada, nos termos da Lei 12.850/2013, no âmbito civil, em ação civil pública por ato de improbidade administrativa movida pelo Ministério Público, observando-se as seguintes diretrizes: [Buscar manualmente]"
1049,OK,,"Surgem constitucionais os artigos 5º e 6º, inciso I, da Lei nº 13.021/2014, no que previsto ser do farmacêutico a responsabilidade técnica por drogaria"
1051,OK,,"É inconstitucional lei municipal que estabeleça a obrigação da implantação, nos shopping centers, de ambulatório médico ou serviço de pronto-socorro equipado para o atendimento de emergência.**Embargos de declaração**: O Tribunal, por unanimidade, acolheu em parte os embargos de declaração para, a título de modulação dos efeitos da decisão embargada, estabelecer que a declaração de inconstitucionalidade das Leis do Município de São Paulo nº 10.947/91 e nº 11.649/94, bem como, por arrastamento, do Decreto Municipal nº 29.728/91, tenha efeitos prospectivos, a partir da data da publicação da ata do julgamento do mérito (19/12/23), ficando ressalvadas as ações judiciais em curso."
1055,OK,,"I - O trânsito em julgado de sentença condenatória proferida em sede de ação desapropriatória não obsta a propositura de Ação Civil Pública em defesa do patrimônio público, para discutir a dominialidade do bem expropriado, ainda que já se tenha expirado o prazo para a Ação Rescisória; II - Em sede de Ação de Desapropriação, os honorários sucumbenciais só serão devidos caso haja devido pagamento da indenização aos expropriados."
1057,OK,,"Os guardas civis não possuem direito constitucional à aposentadoria especial por exercício de atividade de risco prevista no artigo 40, § 4º, inciso II, da Constituição Federal."
1059,OK,,"Viola o teor da Súmula Vinculante nº 37 a concessão, por decisão judicial, de diferenças salariais em razão da incorporação de valores aos vencimentos dos servidores públicos municipais de que trata as Leis Complementares nºs 1.000/2009 e 1.121/2011 do Município de Mogi-Guaçu."
1069,OK,,"1. É permitido ao paciente, no gozo pleno de sua capacidade civil, recusar-se a se submeter a tratamento de saúde, por motivos religiosos. A recusa a tratamento de saúde, por razões religiosas, é condicionada à decisão inequívoca, livre, informada e esclarecida do paciente, inclusive, quando veiculada por meio de diretiva antecipada de vontade. 2. É possível a realização de procedimento médico, disponibilizado a todos pelo sistema público de saúde, com a interdição da realização de transfusão sanguínea ou outra medida excepcional, caso haja viabilidade técnico-científica de sucesso, anuência da equipe médica com a sua realização e decisão inequívoca, livre, informada e esclarecida do paciente."
1070,OK,,"É comum aos poderes Executivo (decreto) e Legislativo (lei formal) a competência destinada a denominação de próprios, vias e logradouros públicos e suas alterações, cada qual no âmbito de suas atribuições."
1071,PULAR,Tese marcada como pendente/irrelevante/manual/aguardando julgamento.,Aguardando julgamento de mérito
1072,OK,,"A mãe servidora ou trabalhadora não gestante em união homoafetiva tem direito ao gozo de licença-maternidade. Caso a companheira tenha utilizado o benefício, fará jus à licença pelo período equivalente ao da licença-paternidade."
1079,OK,,"Não viola a Constituição a previsão legal de imposição das sanções administrativas ao condutor de veículo automotor que se recuse à realização dos testes, exames clínicos ou perícias voltados a aferir a influência de álcool ou outra substância psicoativa (art. 165-A e art. 277, §§ 2º e 3º, todos do Código de Trânsito Brasileiro, na redação dada pela Lei 13.281/2016)."
1082,OK,,"As gratificações de natureza pro labore faciendo são incorporadas à aposentadoria conforme as normas de regência de cada uma delas, não caracterizando ofensa ao direito à integralidade a incorporação em valor inferior ao da última remuneração recebida em atividade por servidor que se aposentou nos termos do art. 3º da Emenda Constitucional nº 47/2005"
1086,OK,,"A presença de símbolos religiosos em prédios públicos, pertencentes a qualquer dos Poderes da União, dos Estados, do Distrito Federal e dos Municípios, desde que tenha o objetivo de manifestar a tradição cultural da sociedade brasileira, não viola os princípios da não discriminação, da laicidade estatal e da impessoalidade."
1097,OK,,"Aos servidores públicos estaduais e municipais é aplicado, para todos os efeitos, o art. 98, § 2° e § 3°, da Lei 8.112/1990."
1114,PULAR,Tese marcada como pendente/irrelevante/manual/aguardando julgamento.,[Irrelevante]
1128,OK,,"É inconstitucional dispositivo de Constituição estadual que permite transposição, absorção ou aproveitamento de empregado público no quadro estatutário da Administração Pública estadual sem prévia aprovação em concurso público, nos termos do art. 37, II, da Constituição Federal."
1129,OK,,Retroação dos percentuais de revisão anual concedidos por lei específica à data-base prevista na legislação local.
1130,OK,,"Pertence ao Município, aos Estados e ao Distrito Federal a titularidade das receitas arrecadadas a título de imposto de renda retido na fonte incidente sobre valores pagos por eles, suas autarquias e fundações a pessoas físicas ou jurídicas contratadas para a prestação de bens ou serviços, conforme disposto nos arts. 158, I, e 157, I, da Constituição Federal."
1132,OK,,"I - É constitucional a aplicação do piso salarial nacional dos Agentes Comunitários de Saúde e Agentes de Combate às Endemias, instituído pela Lei 12.994/2014, aos servidores estatutários dos entes subnacionais, em consonância com o art. 198, § 5º, da Constituição Federal, com a redação dada pelas Emendas Constitucionais 63/2010 e 120/2022, cabendo à União arcar com os ônus da diferença entre o piso nacional e a legislação do ente municipal; II - Até o advento da Lei 9.646/2022, a expressão `piso salarial´ para os Agentes Comunitários de Saúde e Agentes de Combate às Endemias corresponde à remuneração mínima, considerada, nos termos do art. 3º, inciso XIX, da Lei 8.629/2014, somente a soma do vencimento do cargo e da gratificação por avanço de competências."
1137,OK,,"É constitucional o artigo 8º da Lei Complementar 173/2020, editado no âmbito do Programa Federativo de Enfrentamento ao Coronavírus SARS-CoV- 2 (Covid-19)."
1141,PULAR,Tese marcada como pendente/irrelevante/manual/aguardando julgamento.,_Aguardando julgamento de mérito_
1145,PULAR,Tese marcada como pendente/irrelevante/manual/aguardando julgamento.,_Aguardando julgamento de mérito_
1150,OK,,"O servidor público aposentado pelo Regime Geral de Previdência Social, com previsão de vacância do cargo em lei local, não tem direito a ser reintegrado ao mesmo cargo no qual se aposentou ou nele manter-se, por violação à regra do concurso público e à impossibilidade de acumulação de proventos e remuneração não acumuláveis em atividade."
1152,OK,,"Assentada a inconstitucionalidade do artigo 23, § 4º, da Lei 21.710/2015 do Estado de Minas Gerais, por autorizar pagamento de proventos de aposentadoria em montante superior ao que o servidor percebia no cargo efetivo, não possui repercussão geral a controvérsia relativa à necessidade de comprovação, em concreto, da inobservância do disposto no artigo 40, § 2º, da Constituição Federal (na redação dada pela Emenda Constitucional 20/1998)."
1157,OK,,"É vedado o reenquadramento, em novo Plano de Cargos, Carreiras e Remuneração, de servidor admitido sem concurso público antes da promulgação da Constituição Federal de 1988, mesmo que beneficiado pela estabilidade excepcional do artigo 19 do ADCT, haja vista que esta regra transitória não prevê o direito à efetividade, nos termos do artigo 37, II, da Constituição Federal e decisão proferida na ADI 3609 (Rel. Min. DIAS TOFFOLI, Tribunal Pleno, DJe. 30/10/2014)."
1161,OK,,"Cabe ao Estado fornecer, em termos excepcionais, medicamento que, embora não possua registro na ANVISA, tem a sua importação autorizada pela agência de vigilância sanitária, desde que comprovada a incapacidade econômica do paciente, a imprescindibilidade clínica do tratamento, e a impossibilidade de substituição por outro similar constante das listas oficiais de dispensação de medicamentos e os protocolos de intervenção terapêutica do SUS."
1164,OK,,"A superveniente extinção dos cargos oferecidos em edital de concurso público em razão da superação do limite prudencial de gastos com pessoal, previsto em lei complementar regulamentadora do art. 169 da Constituição Federal, desde que anterior ao término do prazo de validade do concurso e devidamente motivada, justifica a mitigação do direito subjetivo à nomeação de candidato aprovado dentro do número de vagas."
1167,OK,,"O valor correspondente aos proventos ou à remuneração do instituidor da pensão por morte, para os fins do art. 40, § 7º, da Constituição Federal, na redação da Emenda Constitucional nº 41/2003, deve considerar apenas as parcelas efetivamente percebidas pelo servidor ativo ou aposentado, excluídos os valores que excedam o teto ou subteto remuneratórios previstos no art. 37, XI, da Constituição, posto que sobre eles não incidiu contribuição previdenciária. A sistemática constitucional exige congruência entre custeio e benefícios."
1171,OK,,"Violam o princípio da presunção de inocência o indeferimento de matrícula em cursos de reciclagem de vigilante e a recusa de registro do respectivo certificado de conclusão, em razão da existência de inquérito ou ação penal sem o trânsito em julgado de sentençacondenatória."
1177,OK,,"A competência privativa da União para a edição de normas gerais sobre inatividades e pensões das polícias militares e dos corpos de bombeiros militares (artigo 22, XXI, da Constituição, na redação da Emenda Constitucional 103/2019) não exclui a competência legislativa dos Estados para a fixação das alíquotas da contribuição previdenciária incidente sobre os proventos de seus próprios militares inativos e pensionistas, tendo a Lei Federal 13.954/2019, no ponto, incorrido em inconstitucionalidade."
1182,OK,,"À luz do art. 227 da CF, que confere proteção integral da criança com absoluta prioridade e do princípio da paternidade responsável, a licença maternidade, prevista no art. 7º, XVIII, da CF/88 e regulamentada pelo art. 207 da Lei 8.112/1990, estende-se ao pai genitor monoparental."
1192,PULAR,Tese marcada como pendente/irrelevante/manual/aguardando julgamento.,_Aguardando julgamento de mérito_
1207,OK,,"A promoção por acesso de servidor a classe distinta na carreira não representa ascensão a cargo diverso daquele em que já estava efetivado, de modo que, para fins de aposentadoria, o prazo mínimo de cinco anos no cargo efetivo, exigido pelo artigo 40, § 1º, inciso III, da Constituição Federal, na redação da Emenda Constitucional 20/1998, e pelos artigos 6º da Emenda Constitucional 41/2003 e 3º da Emenda Constitucional 47/2005, não recomeça a contar pela alteração de classe."
1213,OK,,"É inconstitucional a contagem do tempo pretérito à investidura no cargo efetivo, exercido exclusivamente em cargo comissionado, para fins de incorporação de quintos como VPNI, com fundamento no artigo 1º da Lei 15.138/2010 do Estado de Santa Catarina."
1214,OK,,É inconstitucional a incidência do imposto sobre transmissão causa mortis e doação (ITCMD) sobre o repasse aos beneficiários de valores e direitos relativos ao plano vida gerador de benefício livre (VGBL) ou ao plano gerador de benefício livre (PGBL) na hipótese de morte do titular do plano.
1218,PULAR,Tese marcada como pendente/irrelevante/manual/aguardando julgamento.,Aguardando julgamento de mérito
1226,PULAR,Tese marcada como pendente/irrelevante/manual/aguardando julgamento.,Aguardando julgamento de mérito
1231,OK,,"""(I) As unidades federadas podem fixar os limites das respectivas requisições de pequeno valor em patamares inferiores aos previstos no artigo 87 do ADCT, desde que o façam em consonância com sua capacidade econômica. (II) A aferição da capacidade econômica, para este fim, deve refletir não somente a receita, mas igualmente os graus de endividamento e de litigiosidade do ente federado. (III) A ausência de demonstração concreta da desproporcionalidade na fixação do teto das requisições de pequeno valor impõe a deferência do Poder Judiciário ao juízo político administrativo externado pela legislação local""."
1234,OK,,[Tese grande. SAÚDE. Importante].
1235,OK,,"É inconstitucional a Lei 13.756/2004 do Município de São Paulo, por configurar invasão à competência privativa da União para legislar sobre telecomunicações e radiodifusão (artigo 22, IV, da Constituição Federal)."
1237,OK,,"Responsabilidade estatal por morte de vítima de disparo de arma de fogo durante operações policiais ou militares em comunidade, em razão da perícia que determina a origem do disparo ser inconclusiva."
1241,OK,,"O adicional de 1/3 (um terço) previsto no art. 7º, XVII, da Constituição Federal incide sobre a remuneração relativa a todo período de férias."
1244,OK,,"A fixação de multa administrativa em múltiplos do salário mínimo não viola o disposto no art. 7º, IV, da Constituição Federal"
1250,PULAR,Tese marcada como pendente/irrelevante/manual/aguardando julgamento.,_Aguardando julgamento de mérito_
1252,PULAR,Tese marcada como pendente/irrelevante/manual/aguardando julgamento.,_Aguardando julgamento de mérito_
1260,OK,,"(I) É possível a dupla responsabilização por crime eleitoral caixa dois (art. 350 do Código Eleitoral) e ato de improbidade administrativa (Lei 8.429/1992), pois a independência de instâncias exige tratamentos sancionatórios diferenciados entre os atos ilícitos em geral (civis, penais e político-administrativos) e os atos de improbidade administrativa; (II) Reconhecida, na instância eleitoral, a inexistência do fato ou negativa de autoria do réu, a decisão repercute na seara administrativa; (III) Compete à Justiça Comum processar e julgar ação de improbidade administrativa por ato que também configure crime eleitoral."
1276,PULAR,Tese marcada como pendente/irrelevante/manual/aguardando julgamento.,_Aguardando julgamento de mérito_
1282,OK,,"São constitucionais as taxas estaduais pela utilização, efetiva ou potencial, dos serviços públicos de prevenção e combate a incêndios, busca, salvamento ou resgate prestados ao contribuinte ou postos a sua disposição pelos corpos de bombeiros militares."
1283,PULAR,Tese marcada como pendente/irrelevante/manual/aguardando julgamento.,[irrelevante]
1286,OK,,É constitucional lei estadual que impõe a obrigatoriedade de adaptação de percentual de carrinhos de compras para transporte de crianças com deficiência ou mobilidade reduzida.
1298,PULAR,Tese marcada como pendente/irrelevante/manual/aguardando julgamento.,_Aguardando julgamento de mérito_
1299,PULAR,Tese marcada como pendente/irrelevante/manual/aguardando julgamento.,_Aguardando julgamento de mérito_
1308,PULAR,Tese marcada como pendente/irrelevante/manual/aguardando julgamento.,_Aguardando julgamento de mérito_
1316,OK,,"Indisponibilidade de bem de família e previsão de ressarcimento integral ao erário pela prática de ato de improbidade administrativa. Necessidade de conciliação interpretativa dos artigos 6º e 37,§4º da Constituição Federal."
1317,OK,,"A execução de créditos individuais e divisíveis decorrentes de título judicial coletivo, promovida por substituto processual, não caracteriza o fracionamento de precatório vedado pelo § 8º do art. 100 da Constituição."
1324,OK,,_Aguarando julgamento de mérito_
1332,OK,,_Aguardando verificação da repercussão geral_
1341,PULAR,Tese marcada como pendente/irrelevante/manual/aguardando julgamento.,_Aguardando julgamento de mérito_
1347,OK,,O adiamento de exame de concurso público por motivo de biossegurança relacionado à pandemia do COVID19 não impõe ao Estado o dever de indenizar.
1349,PULAR,Tese marcada como pendente/irrelevante/manual/aguardando julgamento.,_Aguardando julgamento de mérito_
1352,OK,,"É possível a revogação ou alteração por lei ordinária de benefício instituído a servidor público por lei complementar quando materialmente ordinária, observado o princípio da simetria."
1382,PULAR,Tese marcada como pendente/irrelevante/manual/aguardando julgamento.,Aguardando julgamento de mérito
1406,PULAR,Tese marcada como pendente/irrelevante/manual/aguardando julgamento.,_Aguardando julgamento de mérito_
1413,PULAR,Tese marcada como pendente/irrelevante/manual/aguardando julgamento.,_Aguardando julgamento de mérito_
1420,OK,,"1. O Poder Judiciário pode controlar o ato administrativo de heteroidentificação de candidatos que concorrem às vagas reservadas a pessoas pretas e pardas em concurso público, para garantia de contraditório e ampla defesa. 2. É fática e pressupõe a análise de cláusulas do edital do concurso a controvérsia sobre a adequação de critérios e de fundamentos do ato de exclusão de candidato por comissão de heteroidentificação."
1422,PULAR,Tese marcada como pendente/irrelevante/manual/aguardando julgamento.,_Aguardando julgamento de mérito_
1424,OK,,"A exigência de altura mínima para ingresso em cargo do Sistema Único de Segurança Pública pressupõe a existência de lei e da observância dos parâmetros fixados para a carreira do exército (Lei federal nº 12.705/2012, 1,60m para homens e 1,55m para mulheres)."
1426,PULAR,Tese marcada como pendente/irrelevante/manual/aguardando julgamento.,_Aguardando julgamento de mérito_
1427,OK,,"1. É inconstitucional a delegação ao Poder Executivo de atribuição para fixar e alterar o valor de parcela remuneratória, prevista no § 2º do art. 20 da Lei estadual nº 6.762/1975, com a redação dada pela Lei nº 12.984/1998, e no art. 3º do Decreto nº 46.284/2013; 2. O reconhecimento da inconstitucionalidade não autoriza decréscimo remuneratório nem a repetição de valores"
